[{"id":"f97266fb-ccb7-430e-9384-4124d05295d3","alias":"Decorators","componentType":"Library","version":"1.16.1","manifestVersion":2,"loaderConfig":{"internalModuleBaseUrls":["https://localhost:4321/node_modules/@microsoft/decorators/dist/","https://localhost:4321/dist/"],"entryModuleId":"decorators","scriptResources":{"decorators":{"type":"path","path":"decorators_none_73003be56a68f317e167.js"}}}},{"id":"73e1dc6c-8441-42cc-ad47-4bd3659f8a3a","alias":"SPLodashSubset","componentType":"Library","version":"1.16.1","manifestVersion":2,"loaderConfig":{"internalModuleBaseUrls":["https://localhost:4321/node_modules/@microsoft/sp-lodash-subset/dist/"],"entryModuleId":"sp-lodash-subset","scriptResources":{"sp-lodash-subset":{"type":"path","path":"sp-lodash-subset_fc558a275673f2924c17.js"}}}},{"id":"7263c7d0-1d6a-45ec-8d85-d4d1d234171b","alias":"SPCoreLibrary","componentType":"Library","version":"1.16.1","manifestVersion":2,"loaderConfig":{"internalModuleBaseUrls":["https://localhost:4321/node_modules/@microsoft/sp-core-library/dist/","https://localhost:4321/dist/"],"entryModuleId":"sp-core-library","scriptResources":{"sp-core-library":{"type":"localizedPath","paths":{"default":"sp-core-library_default_cc6040588812ab09c68b.js","en-US":"sp-core-library_en-us_cc6040588812ab09c68b.js","qps-ploca":"sp-core-library_qps-ploca_cc6040588812ab09c68b.js","qps-ploc":"sp-core-library_qps-ploc_cc6040588812ab09c68b.js","en-GB":"sp-core-library_en-us_cc6040588812ab09c68b.js","en-NZ":"sp-core-library_en-us_cc6040588812ab09c68b.js","en-IE":"sp-core-library_en-us_cc6040588812ab09c68b.js","en-AU":"sp-core-library_en-us_cc6040588812ab09c68b.js","bn":"sp-core-library_en-us_cc6040588812ab09c68b.js","chr":"sp-core-library_en-us_cc6040588812ab09c68b.js","dv":"sp-core-library_en-us_cc6040588812ab09c68b.js","div":"sp-core-library_en-us_cc6040588812ab09c68b.js","en":"sp-core-library_en-us_cc6040588812ab09c68b.js","fil":"sp-core-library_en-us_cc6040588812ab09c68b.js","haw":"sp-core-library_en-us_cc6040588812ab09c68b.js","iu":"sp-core-library_en-us_cc6040588812ab09c68b.js","lo":"sp-core-library_en-us_cc6040588812ab09c68b.js","moh":"sp-core-library_en-us_cc6040588812ab09c68b.js","sq":"sp-core-library_en-us_cc6040588812ab09c68b.js","am":"sp-core-library_en-us_cc6040588812ab09c68b.js","hy":"sp-core-library_en-us_cc6040588812ab09c68b.js","mk":"sp-core-library_en-us_cc6040588812ab09c68b.js","bs":"sp-core-library_en-us_cc6040588812ab09c68b.js","my":"sp-core-library_en-us_cc6040588812ab09c68b.js","dz":"sp-core-library_en-us_cc6040588812ab09c68b.js","en-CY":"sp-core-library_en-us_cc6040588812ab09c68b.js","en-EG":"sp-core-library_en-us_cc6040588812ab09c68b.js","en-IL":"sp-core-library_en-us_cc6040588812ab09c68b.js","en-IS":"sp-core-library_en-us_cc6040588812ab09c68b.js","en-JO":"sp-core-library_en-us_cc6040588812ab09c68b.js","en-KE":"sp-core-library_en-us_cc6040588812ab09c68b.js","en-KW":"sp-core-library_en-us_cc6040588812ab09c68b.js","en-MK":"sp-core-library_en-us_cc6040588812ab09c68b.js","en-MT":"sp-core-library_en-us_cc6040588812ab09c68b.js","en-PK":"sp-core-library_en-us_cc6040588812ab09c68b.js","en-QA":"sp-core-library_en-us_cc6040588812ab09c68b.js","en-SA":"sp-core-library_en-us_cc6040588812ab09c68b.js","en-LK":"sp-core-library_en-us_cc6040588812ab09c68b.js","en-AE":"sp-core-library_en-us_cc6040588812ab09c68b.js","en-VN":"sp-core-library_en-us_cc6040588812ab09c68b.js","is":"sp-core-library_en-us_cc6040588812ab09c68b.js","km":"sp-core-library_en-us_cc6040588812ab09c68b.js","kh":"sp-core-library_en-us_cc6040588812ab09c68b.js","mt":"sp-core-library_en-us_cc6040588812ab09c68b.js","fa":"sp-core-library_en-us_cc6040588812ab09c68b.js","gd":"sp-core-library_en-us_cc6040588812ab09c68b.js","sr-Cyrl-BA":"sp-core-library_en-us_cc6040588812ab09c68b.js","sr-Latn-BA":"sp-core-library_en-us_cc6040588812ab09c68b.js","sd":"sp-core-library_en-us_cc6040588812ab09c68b.js","si":"sp-core-library_en-us_cc6040588812ab09c68b.js","so":"sp-core-library_en-us_cc6040588812ab09c68b.js","ti-ET":"sp-core-library_en-us_cc6040588812ab09c68b.js","uz":"sp-core-library_en-us_cc6040588812ab09c68b.js","en-SG":"sp-core-library_en-us_cc6040588812ab09c68b.js","en-HK":"sp-core-library_en-us_cc6040588812ab09c68b.js","en-MY":"sp-core-library_en-us_cc6040588812ab09c68b.js","en-PH":"sp-core-library_en-us_cc6040588812ab09c68b.js","en-TT":"sp-core-library_en-us_cc6040588812ab09c68b.js","en-AZ":"sp-core-library_en-us_cc6040588812ab09c68b.js","en-BH":"sp-core-library_en-us_cc6040588812ab09c68b.js","en-BN":"sp-core-library_en-us_cc6040588812ab09c68b.js","en-ID":"sp-core-library_en-us_cc6040588812ab09c68b.js","mi":"sp-core-library_en-us_cc6040588812ab09c68b.js"},"defaultPath":"sp-core-library_default_cc6040588812ab09c68b.js"},"tslib":{"type":"component","id":"01c4df03-e775-48cb-aa14-171ee5199a15","version":"2.3.1"},"@ms/odsp-core-bundle":{"type":"component","id":"2e09fb9b-13bb-48f2-859f-97d6fff71176","version":"1.3.26"},"@microsoft/sp-lodash-subset":{"type":"component","id":"73e1dc6c-8441-42cc-ad47-4bd3659f8a3a","version":"1.16.1"}}}},{"manifestVersion":2,"id":"78359e4b-07c2-43c6-8d0b-d060b4d577e8","alias":"SPDiagnostics","componentType":"Library","version":"1.16.1","loaderConfig":{"internalModuleBaseUrls":["https://localhost:4321/node_modules/@microsoft/sp-diagnostics/dist/","https://localhost:4321/dist/"],"entryModuleId":"sp-diagnostics","scriptResources":{"sp-diagnostics":{"type":"path","path":"sp-diagnostics_none_ba2584809a5570715435.js"},"tslib":{"type":"component","id":"01c4df03-e775-48cb-aa14-171ee5199a15","version":"2.3.1"},"@microsoft/sp-lodash-subset":{"type":"component","id":"73e1dc6c-8441-42cc-ad47-4bd3659f8a3a","version":"1.16.1"},"@microsoft/sp-core-library":{"type":"component","id":"7263c7d0-1d6a-45ec-8d85-d4d1d234171b","version":"1.16.1"}}}},{"manifestVersion":2,"id":"e40f8203-b39d-425a-a957-714852e33b79","alias":"SPDynamicData","componentType":"Library","version":"1.16.1","loaderConfig":{"internalModuleBaseUrls":["https://localhost:4321/node_modules/@microsoft/sp-dynamic-data/dist/","https://localhost:4321/dist/"],"entryModuleId":"sp-dynamic-data","scriptResources":{"sp-dynamic-data":{"type":"localizedPath","paths":{"default":"sp-dynamic-data_default_ee033ed87cc86149f6d6.js","en-US":"sp-dynamic-data_en-us_ee033ed87cc86149f6d6.js","qps-ploca":"sp-dynamic-data_qps-ploca_ee033ed87cc86149f6d6.js","qps-ploc":"sp-dynamic-data_qps-ploc_ee033ed87cc86149f6d6.js","en-GB":"sp-dynamic-data_en-us_ee033ed87cc86149f6d6.js","en-NZ":"sp-dynamic-data_en-us_ee033ed87cc86149f6d6.js","en-IE":"sp-dynamic-data_en-us_ee033ed87cc86149f6d6.js","en-AU":"sp-dynamic-data_en-us_ee033ed87cc86149f6d6.js","bn":"sp-dynamic-data_en-us_ee033ed87cc86149f6d6.js","chr":"sp-dynamic-data_en-us_ee033ed87cc86149f6d6.js","dv":"sp-dynamic-data_en-us_ee033ed87cc86149f6d6.js","div":"sp-dynamic-data_en-us_ee033ed87cc86149f6d6.js","en":"sp-dynamic-data_en-us_ee033ed87cc86149f6d6.js","fil":"sp-dynamic-data_en-us_ee033ed87cc86149f6d6.js","haw":"sp-dynamic-data_en-us_ee033ed87cc86149f6d6.js","iu":"sp-dynamic-data_en-us_ee033ed87cc86149f6d6.js","lo":"sp-dynamic-data_en-us_ee033ed87cc86149f6d6.js","moh":"sp-dynamic-data_en-us_ee033ed87cc86149f6d6.js","sq":"sp-dynamic-data_en-us_ee033ed87cc86149f6d6.js","am":"sp-dynamic-data_en-us_ee033ed87cc86149f6d6.js","hy":"sp-dynamic-data_en-us_ee033ed87cc86149f6d6.js","mk":"sp-dynamic-data_en-us_ee033ed87cc86149f6d6.js","bs":"sp-dynamic-data_en-us_ee033ed87cc86149f6d6.js","my":"sp-dynamic-data_en-us_ee033ed87cc86149f6d6.js","dz":"sp-dynamic-data_en-us_ee033ed87cc86149f6d6.js","en-CY":"sp-dynamic-data_en-us_ee033ed87cc86149f6d6.js","en-EG":"sp-dynamic-data_en-us_ee033ed87cc86149f6d6.js","en-IL":"sp-dynamic-data_en-us_ee033ed87cc86149f6d6.js","en-IS":"sp-dynamic-data_en-us_ee033ed87cc86149f6d6.js","en-JO":"sp-dynamic-data_en-us_ee033ed87cc86149f6d6.js","en-KE":"sp-dynamic-data_en-us_ee033ed87cc86149f6d6.js","en-KW":"sp-dynamic-data_en-us_ee033ed87cc86149f6d6.js","en-MK":"sp-dynamic-data_en-us_ee033ed87cc86149f6d6.js","en-MT":"sp-dynamic-data_en-us_ee033ed87cc86149f6d6.js","en-PK":"sp-dynamic-data_en-us_ee033ed87cc86149f6d6.js","en-QA":"sp-dynamic-data_en-us_ee033ed87cc86149f6d6.js","en-SA":"sp-dynamic-data_en-us_ee033ed87cc86149f6d6.js","en-LK":"sp-dynamic-data_en-us_ee033ed87cc86149f6d6.js","en-AE":"sp-dynamic-data_en-us_ee033ed87cc86149f6d6.js","en-VN":"sp-dynamic-data_en-us_ee033ed87cc86149f6d6.js","is":"sp-dynamic-data_en-us_ee033ed87cc86149f6d6.js","km":"sp-dynamic-data_en-us_ee033ed87cc86149f6d6.js","kh":"sp-dynamic-data_en-us_ee033ed87cc86149f6d6.js","mt":"sp-dynamic-data_en-us_ee033ed87cc86149f6d6.js","fa":"sp-dynamic-data_en-us_ee033ed87cc86149f6d6.js","gd":"sp-dynamic-data_en-us_ee033ed87cc86149f6d6.js","sr-Cyrl-BA":"sp-dynamic-data_en-us_ee033ed87cc86149f6d6.js","sr-Latn-BA":"sp-dynamic-data_en-us_ee033ed87cc86149f6d6.js","sd":"sp-dynamic-data_en-us_ee033ed87cc86149f6d6.js","si":"sp-dynamic-data_en-us_ee033ed87cc86149f6d6.js","so":"sp-dynamic-data_en-us_ee033ed87cc86149f6d6.js","ti-ET":"sp-dynamic-data_en-us_ee033ed87cc86149f6d6.js","uz":"sp-dynamic-data_en-us_ee033ed87cc86149f6d6.js","en-SG":"sp-dynamic-data_en-us_ee033ed87cc86149f6d6.js","en-HK":"sp-dynamic-data_en-us_ee033ed87cc86149f6d6.js","en-MY":"sp-dynamic-data_en-us_ee033ed87cc86149f6d6.js","en-PH":"sp-dynamic-data_en-us_ee033ed87cc86149f6d6.js","en-TT":"sp-dynamic-data_en-us_ee033ed87cc86149f6d6.js","en-AZ":"sp-dynamic-data_en-us_ee033ed87cc86149f6d6.js","en-BH":"sp-dynamic-data_en-us_ee033ed87cc86149f6d6.js","en-BN":"sp-dynamic-data_en-us_ee033ed87cc86149f6d6.js","en-ID":"sp-dynamic-data_en-us_ee033ed87cc86149f6d6.js","mi":"sp-dynamic-data_en-us_ee033ed87cc86149f6d6.js"},"defaultPath":"sp-dynamic-data_default_ee033ed87cc86149f6d6.js"},"@microsoft/sp-lodash-subset":{"type":"component","id":"73e1dc6c-8441-42cc-ad47-4bd3659f8a3a","version":"1.16.1"},"@microsoft/sp-core-library":{"type":"component","id":"7263c7d0-1d6a-45ec-8d85-d4d1d234171b","version":"1.16.1"},"@microsoft/sp-diagnostics":{"type":"component","id":"78359e4b-07c2-43c6-8d0b-d060b4d577e8","version":"1.16.1"}}}},{"id":"1c4541f7-5c31-41aa-9fa8-fbc9dc14c0a8","alias":"SPPageContext","componentType":"Library","version":"1.16.1","manifestVersion":2,"loaderConfig":{"internalModuleBaseUrls":["https://localhost:4321/node_modules/@microsoft/sp-page-context/dist/","https://localhost:4321/dist/"],"entryModuleId":"sp-page-context","scriptResources":{"sp-page-context":{"type":"localizedPath","paths":{"default":"sp-page-context_default_940ae47c8bbb4e508cb4.js","en-US":"sp-page-context_en-us_940ae47c8bbb4e508cb4.js","qps-ploca":"sp-page-context_qps-ploca_940ae47c8bbb4e508cb4.js","qps-ploc":"sp-page-context_qps-ploc_940ae47c8bbb4e508cb4.js","en-GB":"sp-page-context_en-us_940ae47c8bbb4e508cb4.js","en-NZ":"sp-page-context_en-us_940ae47c8bbb4e508cb4.js","en-IE":"sp-page-context_en-us_940ae47c8bbb4e508cb4.js","en-AU":"sp-page-context_en-us_940ae47c8bbb4e508cb4.js","bn":"sp-page-context_en-us_940ae47c8bbb4e508cb4.js","chr":"sp-page-context_en-us_940ae47c8bbb4e508cb4.js","dv":"sp-page-context_en-us_940ae47c8bbb4e508cb4.js","div":"sp-page-context_en-us_940ae47c8bbb4e508cb4.js","en":"sp-page-context_en-us_940ae47c8bbb4e508cb4.js","fil":"sp-page-context_en-us_940ae47c8bbb4e508cb4.js","haw":"sp-page-context_en-us_940ae47c8bbb4e508cb4.js","iu":"sp-page-context_en-us_940ae47c8bbb4e508cb4.js","lo":"sp-page-context_en-us_940ae47c8bbb4e508cb4.js","moh":"sp-page-context_en-us_940ae47c8bbb4e508cb4.js","sq":"sp-page-context_en-us_940ae47c8bbb4e508cb4.js","am":"sp-page-context_en-us_940ae47c8bbb4e508cb4.js","hy":"sp-page-context_en-us_940ae47c8bbb4e508cb4.js","mk":"sp-page-context_en-us_940ae47c8bbb4e508cb4.js","bs":"sp-page-context_en-us_940ae47c8bbb4e508cb4.js","my":"sp-page-context_en-us_940ae47c8bbb4e508cb4.js","dz":"sp-page-context_en-us_940ae47c8bbb4e508cb4.js","en-CY":"sp-page-context_en-us_940ae47c8bbb4e508cb4.js","en-EG":"sp-page-context_en-us_940ae47c8bbb4e508cb4.js","en-IL":"sp-page-context_en-us_940ae47c8bbb4e508cb4.js","en-IS":"sp-page-context_en-us_940ae47c8bbb4e508cb4.js","en-JO":"sp-page-context_en-us_940ae47c8bbb4e508cb4.js","en-KE":"sp-page-context_en-us_940ae47c8bbb4e508cb4.js","en-KW":"sp-page-context_en-us_940ae47c8bbb4e508cb4.js","en-MK":"sp-page-context_en-us_940ae47c8bbb4e508cb4.js","en-MT":"sp-page-context_en-us_940ae47c8bbb4e508cb4.js","en-PK":"sp-page-context_en-us_940ae47c8bbb4e508cb4.js","en-QA":"sp-page-context_en-us_940ae47c8bbb4e508cb4.js","en-SA":"sp-page-context_en-us_940ae47c8bbb4e508cb4.js","en-LK":"sp-page-context_en-us_940ae47c8bbb4e508cb4.js","en-AE":"sp-page-context_en-us_940ae47c8bbb4e508cb4.js","en-VN":"sp-page-context_en-us_940ae47c8bbb4e508cb4.js","is":"sp-page-context_en-us_940ae47c8bbb4e508cb4.js","km":"sp-page-context_en-us_940ae47c8bbb4e508cb4.js","kh":"sp-page-context_en-us_940ae47c8bbb4e508cb4.js","mt":"sp-page-context_en-us_940ae47c8bbb4e508cb4.js","fa":"sp-page-context_en-us_940ae47c8bbb4e508cb4.js","gd":"sp-page-context_en-us_940ae47c8bbb4e508cb4.js","sr-Cyrl-BA":"sp-page-context_en-us_940ae47c8bbb4e508cb4.js","sr-Latn-BA":"sp-page-context_en-us_940ae47c8bbb4e508cb4.js","sd":"sp-page-context_en-us_940ae47c8bbb4e508cb4.js","si":"sp-page-context_en-us_940ae47c8bbb4e508cb4.js","so":"sp-page-context_en-us_940ae47c8bbb4e508cb4.js","ti-ET":"sp-page-context_en-us_940ae47c8bbb4e508cb4.js","uz":"sp-page-context_en-us_940ae47c8bbb4e508cb4.js","en-SG":"sp-page-context_en-us_940ae47c8bbb4e508cb4.js","en-HK":"sp-page-context_en-us_940ae47c8bbb4e508cb4.js","en-MY":"sp-page-context_en-us_940ae47c8bbb4e508cb4.js","en-PH":"sp-page-context_en-us_940ae47c8bbb4e508cb4.js","en-TT":"sp-page-context_en-us_940ae47c8bbb4e508cb4.js","en-AZ":"sp-page-context_en-us_940ae47c8bbb4e508cb4.js","en-BH":"sp-page-context_en-us_940ae47c8bbb4e508cb4.js","en-BN":"sp-page-context_en-us_940ae47c8bbb4e508cb4.js","en-ID":"sp-page-context_en-us_940ae47c8bbb4e508cb4.js","mi":"sp-page-context_en-us_940ae47c8bbb4e508cb4.js"},"defaultPath":"sp-page-context_default_940ae47c8bbb4e508cb4.js"},"tslib":{"type":"component","id":"01c4df03-e775-48cb-aa14-171ee5199a15","version":"2.3.1"},"@microsoft/sp-dynamic-data":{"type":"component","id":"e40f8203-b39d-425a-a957-714852e33b79","version":"1.16.1"},"@microsoft/sp-core-library":{"type":"component","id":"7263c7d0-1d6a-45ec-8d85-d4d1d234171b","version":"1.16.1"},"@microsoft/sp-diagnostics":{"type":"component","id":"78359e4b-07c2-43c6-8d0b-d060b4d577e8","version":"1.16.1"}}}},{"manifestVersion":2,"id":"8496636c-2300-4915-abef-20de64c98d8b","alias":"@microsoft/sp-http-base","componentType":"Library","version":"1.16.1","loaderConfig":{"internalModuleBaseUrls":["https://localhost:4321/node_modules/@microsoft/sp-http-base/dist/","https://localhost:4321/dist/"],"entryModuleId":"sp-http-base","scriptResources":{"sp-http-base":{"type":"localizedPath","paths":{"default":"sp-http-base_default_042a00100615d1bb0c2a.js","en-US":"sp-http-base_en-us_042a00100615d1bb0c2a.js","qps-ploca":"sp-http-base_qps-ploca_042a00100615d1bb0c2a.js","qps-ploc":"sp-http-base_qps-ploc_042a00100615d1bb0c2a.js","en-GB":"sp-http-base_en-us_042a00100615d1bb0c2a.js","en-NZ":"sp-http-base_en-us_042a00100615d1bb0c2a.js","en-IE":"sp-http-base_en-us_042a00100615d1bb0c2a.js","en-AU":"sp-http-base_en-us_042a00100615d1bb0c2a.js","bn":"sp-http-base_en-us_042a00100615d1bb0c2a.js","chr":"sp-http-base_en-us_042a00100615d1bb0c2a.js","dv":"sp-http-base_en-us_042a00100615d1bb0c2a.js","div":"sp-http-base_en-us_042a00100615d1bb0c2a.js","en":"sp-http-base_en-us_042a00100615d1bb0c2a.js","fil":"sp-http-base_en-us_042a00100615d1bb0c2a.js","haw":"sp-http-base_en-us_042a00100615d1bb0c2a.js","iu":"sp-http-base_en-us_042a00100615d1bb0c2a.js","lo":"sp-http-base_en-us_042a00100615d1bb0c2a.js","moh":"sp-http-base_en-us_042a00100615d1bb0c2a.js","sq":"sp-http-base_en-us_042a00100615d1bb0c2a.js","am":"sp-http-base_en-us_042a00100615d1bb0c2a.js","hy":"sp-http-base_en-us_042a00100615d1bb0c2a.js","mk":"sp-http-base_en-us_042a00100615d1bb0c2a.js","bs":"sp-http-base_en-us_042a00100615d1bb0c2a.js","my":"sp-http-base_en-us_042a00100615d1bb0c2a.js","dz":"sp-http-base_en-us_042a00100615d1bb0c2a.js","en-CY":"sp-http-base_en-us_042a00100615d1bb0c2a.js","en-EG":"sp-http-base_en-us_042a00100615d1bb0c2a.js","en-IL":"sp-http-base_en-us_042a00100615d1bb0c2a.js","en-IS":"sp-http-base_en-us_042a00100615d1bb0c2a.js","en-JO":"sp-http-base_en-us_042a00100615d1bb0c2a.js","en-KE":"sp-http-base_en-us_042a00100615d1bb0c2a.js","en-KW":"sp-http-base_en-us_042a00100615d1bb0c2a.js","en-MK":"sp-http-base_en-us_042a00100615d1bb0c2a.js","en-MT":"sp-http-base_en-us_042a00100615d1bb0c2a.js","en-PK":"sp-http-base_en-us_042a00100615d1bb0c2a.js","en-QA":"sp-http-base_en-us_042a00100615d1bb0c2a.js","en-SA":"sp-http-base_en-us_042a00100615d1bb0c2a.js","en-LK":"sp-http-base_en-us_042a00100615d1bb0c2a.js","en-AE":"sp-http-base_en-us_042a00100615d1bb0c2a.js","en-VN":"sp-http-base_en-us_042a00100615d1bb0c2a.js","is":"sp-http-base_en-us_042a00100615d1bb0c2a.js","km":"sp-http-base_en-us_042a00100615d1bb0c2a.js","kh":"sp-http-base_en-us_042a00100615d1bb0c2a.js","mt":"sp-http-base_en-us_042a00100615d1bb0c2a.js","fa":"sp-http-base_en-us_042a00100615d1bb0c2a.js","gd":"sp-http-base_en-us_042a00100615d1bb0c2a.js","sr-Cyrl-BA":"sp-http-base_en-us_042a00100615d1bb0c2a.js","sr-Latn-BA":"sp-http-base_en-us_042a00100615d1bb0c2a.js","sd":"sp-http-base_en-us_042a00100615d1bb0c2a.js","si":"sp-http-base_en-us_042a00100615d1bb0c2a.js","so":"sp-http-base_en-us_042a00100615d1bb0c2a.js","ti-ET":"sp-http-base_en-us_042a00100615d1bb0c2a.js","uz":"sp-http-base_en-us_042a00100615d1bb0c2a.js","en-SG":"sp-http-base_en-us_042a00100615d1bb0c2a.js","en-HK":"sp-http-base_en-us_042a00100615d1bb0c2a.js","en-MY":"sp-http-base_en-us_042a00100615d1bb0c2a.js","en-PH":"sp-http-base_en-us_042a00100615d1bb0c2a.js","en-TT":"sp-http-base_en-us_042a00100615d1bb0c2a.js","en-AZ":"sp-http-base_en-us_042a00100615d1bb0c2a.js","en-BH":"sp-http-base_en-us_042a00100615d1bb0c2a.js","en-BN":"sp-http-base_en-us_042a00100615d1bb0c2a.js","en-ID":"sp-http-base_en-us_042a00100615d1bb0c2a.js","mi":"sp-http-base_en-us_042a00100615d1bb0c2a.js"},"defaultPath":"sp-http-base_default_042a00100615d1bb0c2a.js"},"tslib":{"type":"component","id":"01c4df03-e775-48cb-aa14-171ee5199a15","version":"2.3.1"},"@ms/sp-telemetry":{"type":"component","id":"8217e442-8ed3-41fd-957d-b112e841286a","version":"0.26.27"},"@microsoft/sp-core-library":{"type":"component","id":"7263c7d0-1d6a-45ec-8d85-d4d1d234171b","version":"1.16.1"},"@microsoft/sp-page-context":{"type":"component","id":"1c4541f7-5c31-41aa-9fa8-fbc9dc14c0a8","version":"1.16.1"},"@microsoft/sp-diagnostics":{"type":"component","id":"78359e4b-07c2-43c6-8d0b-d060b4d577e8","version":"1.16.1"}}}},{"id":"1c6c9123-7aac-41f3-a376-3caea41ed83f","alias":"SPLoader","componentType":"Library","version":"1.16.1","manifestVersion":2,"loaderConfig":{"internalModuleBaseUrls":["https://localhost:4321/node_modules/@microsoft/sp-loader/dist/","https://localhost:54321/dist/"],"entryModuleId":"sp-loader","scriptResources":{"sp-loader":{"type":"localizedPath","paths":{"default":"sp-loader_default_324a47c83f95a8a9015c.js","en-US":"sp-loader_en-us_324a47c83f95a8a9015c.js","qps-ploca":"sp-loader_qps-ploca_324a47c83f95a8a9015c.js","qps-ploc":"sp-loader_qps-ploc_324a47c83f95a8a9015c.js","en-GB":"sp-loader_en-us_324a47c83f95a8a9015c.js","en-NZ":"sp-loader_en-us_324a47c83f95a8a9015c.js","en-IE":"sp-loader_en-us_324a47c83f95a8a9015c.js","en-AU":"sp-loader_en-us_324a47c83f95a8a9015c.js","bn":"sp-loader_en-us_324a47c83f95a8a9015c.js","chr":"sp-loader_en-us_324a47c83f95a8a9015c.js","dv":"sp-loader_en-us_324a47c83f95a8a9015c.js","div":"sp-loader_en-us_324a47c83f95a8a9015c.js","en":"sp-loader_en-us_324a47c83f95a8a9015c.js","fil":"sp-loader_en-us_324a47c83f95a8a9015c.js","haw":"sp-loader_en-us_324a47c83f95a8a9015c.js","iu":"sp-loader_en-us_324a47c83f95a8a9015c.js","lo":"sp-loader_en-us_324a47c83f95a8a9015c.js","moh":"sp-loader_en-us_324a47c83f95a8a9015c.js","sq":"sp-loader_en-us_324a47c83f95a8a9015c.js","am":"sp-loader_en-us_324a47c83f95a8a9015c.js","hy":"sp-loader_en-us_324a47c83f95a8a9015c.js","mk":"sp-loader_en-us_324a47c83f95a8a9015c.js","bs":"sp-loader_en-us_324a47c83f95a8a9015c.js","my":"sp-loader_en-us_324a47c83f95a8a9015c.js","dz":"sp-loader_en-us_324a47c83f95a8a9015c.js","en-CY":"sp-loader_en-us_324a47c83f95a8a9015c.js","en-EG":"sp-loader_en-us_324a47c83f95a8a9015c.js","en-IL":"sp-loader_en-us_324a47c83f95a8a9015c.js","en-IS":"sp-loader_en-us_324a47c83f95a8a9015c.js","en-JO":"sp-loader_en-us_324a47c83f95a8a9015c.js","en-KE":"sp-loader_en-us_324a47c83f95a8a9015c.js","en-KW":"sp-loader_en-us_324a47c83f95a8a9015c.js","en-MK":"sp-loader_en-us_324a47c83f95a8a9015c.js","en-MT":"sp-loader_en-us_324a47c83f95a8a9015c.js","en-PK":"sp-loader_en-us_324a47c83f95a8a9015c.js","en-QA":"sp-loader_en-us_324a47c83f95a8a9015c.js","en-SA":"sp-loader_en-us_324a47c83f95a8a9015c.js","en-LK":"sp-loader_en-us_324a47c83f95a8a9015c.js","en-AE":"sp-loader_en-us_324a47c83f95a8a9015c.js","en-VN":"sp-loader_en-us_324a47c83f95a8a9015c.js","is":"sp-loader_en-us_324a47c83f95a8a9015c.js","km":"sp-loader_en-us_324a47c83f95a8a9015c.js","kh":"sp-loader_en-us_324a47c83f95a8a9015c.js","mt":"sp-loader_en-us_324a47c83f95a8a9015c.js","fa":"sp-loader_en-us_324a47c83f95a8a9015c.js","gd":"sp-loader_en-us_324a47c83f95a8a9015c.js","sr-Cyrl-BA":"sp-loader_en-us_324a47c83f95a8a9015c.js","sr-Latn-BA":"sp-loader_en-us_324a47c83f95a8a9015c.js","sd":"sp-loader_en-us_324a47c83f95a8a9015c.js","si":"sp-loader_en-us_324a47c83f95a8a9015c.js","so":"sp-loader_en-us_324a47c83f95a8a9015c.js","ti-ET":"sp-loader_en-us_324a47c83f95a8a9015c.js","uz":"sp-loader_en-us_324a47c83f95a8a9015c.js","en-SG":"sp-loader_en-us_324a47c83f95a8a9015c.js","en-HK":"sp-loader_en-us_324a47c83f95a8a9015c.js","en-MY":"sp-loader_en-us_324a47c83f95a8a9015c.js","en-PH":"sp-loader_en-us_324a47c83f95a8a9015c.js","en-TT":"sp-loader_en-us_324a47c83f95a8a9015c.js","en-AZ":"sp-loader_en-us_324a47c83f95a8a9015c.js","en-BH":"sp-loader_en-us_324a47c83f95a8a9015c.js","en-BN":"sp-loader_en-us_324a47c83f95a8a9015c.js","en-ID":"sp-loader_en-us_324a47c83f95a8a9015c.js","mi":"sp-loader_en-us_324a47c83f95a8a9015c.js"},"defaultPath":"sp-loader_default_324a47c83f95a8a9015c.js"},"tslib":{"type":"component","id":"01c4df03-e775-48cb-aa14-171ee5199a15","version":"2.3.1"},"@microsoft/sp-http-base":{"type":"component","id":"8496636c-2300-4915-abef-20de64c98d8b","version":"1.16.1"},"@ms/sp-telemetry":{"type":"component","id":"8217e442-8ed3-41fd-957d-b112e841286a","version":"0.26.27"},"@microsoft/sp-dynamic-data":{"type":"component","id":"e40f8203-b39d-425a-a957-714852e33b79","version":"1.16.1"},"@microsoft/sp-lodash-subset":{"type":"component","id":"73e1dc6c-8441-42cc-ad47-4bd3659f8a3a","version":"1.16.1"},"@microsoft/sp-core-library":{"type":"component","id":"7263c7d0-1d6a-45ec-8d85-d4d1d234171b","version":"1.16.1"},"@microsoft/sp-page-context":{"type":"component","id":"1c4541f7-5c31-41aa-9fa8-fbc9dc14c0a8","version":"1.16.1"},"@microsoft/load-themed-styles":{"type":"component","id":"229b8d08-79f3-438b-8c21-4613fc877abd","version":"0.1.2"},"@microsoft/sp-diagnostics":{"type":"component","id":"78359e4b-07c2-43c6-8d0b-d060b4d577e8","version":"1.16.1"}}}},{"manifestVersion":2,"componentType":"Library","id":"44bae1a2-d2eb-4e10-8c21-a1dbdce1036f","alias":"sp-loader-assembly","isInternal":true,"version":"1.0.0","rootComponentId":"1c6c9123-7aac-41f3-a376-3caea41ed83f","requiresCustomScript":false,"loaderConfig":{"internalModuleBaseUrls":["https://localhost:4321/node_modules/@microsoft/sp-loader/dist/"],"entryModuleId":"sp-loader-assembly","scriptResources":{"sp-loader-assembly":{"type":"localizedPath","paths":{"default":"sp-loader-assembly_default.js","en-US":"sp-loader-assembly_en-us.js","qps-ploca":"sp-loader-assembly_qps-ploca.js","qps-ploc":"sp-loader-assembly_qps-ploc.js","en-GB":"sp-loader-assembly_en-us.js","en-NZ":"sp-loader-assembly_en-us.js","en-IE":"sp-loader-assembly_en-us.js","en-AU":"sp-loader-assembly_en-us.js","bn":"sp-loader-assembly_en-us.js","chr":"sp-loader-assembly_en-us.js","dv":"sp-loader-assembly_en-us.js","div":"sp-loader-assembly_en-us.js","en":"sp-loader-assembly_en-us.js","fil":"sp-loader-assembly_en-us.js","haw":"sp-loader-assembly_en-us.js","iu":"sp-loader-assembly_en-us.js","lo":"sp-loader-assembly_en-us.js","moh":"sp-loader-assembly_en-us.js","sq":"sp-loader-assembly_en-us.js","am":"sp-loader-assembly_en-us.js","hy":"sp-loader-assembly_en-us.js","mk":"sp-loader-assembly_en-us.js","bs":"sp-loader-assembly_en-us.js","my":"sp-loader-assembly_en-us.js","dz":"sp-loader-assembly_en-us.js","en-CY":"sp-loader-assembly_en-us.js","en-EG":"sp-loader-assembly_en-us.js","en-IL":"sp-loader-assembly_en-us.js","en-IS":"sp-loader-assembly_en-us.js","en-JO":"sp-loader-assembly_en-us.js","en-KE":"sp-loader-assembly_en-us.js","en-KW":"sp-loader-assembly_en-us.js","en-MK":"sp-loader-assembly_en-us.js","en-MT":"sp-loader-assembly_en-us.js","en-PK":"sp-loader-assembly_en-us.js","en-QA":"sp-loader-assembly_en-us.js","en-SA":"sp-loader-assembly_en-us.js","en-LK":"sp-loader-assembly_en-us.js","en-AE":"sp-loader-assembly_en-us.js","en-VN":"sp-loader-assembly_en-us.js","is":"sp-loader-assembly_en-us.js","km":"sp-loader-assembly_en-us.js","kh":"sp-loader-assembly_en-us.js","mt":"sp-loader-assembly_en-us.js","fa":"sp-loader-assembly_en-us.js","gd":"sp-loader-assembly_en-us.js","sr-Cyrl-BA":"sp-loader-assembly_en-us.js","sr-Latn-BA":"sp-loader-assembly_en-us.js","sd":"sp-loader-assembly_en-us.js","si":"sp-loader-assembly_en-us.js","so":"sp-loader-assembly_en-us.js","ti-ET":"sp-loader-assembly_en-us.js","uz":"sp-loader-assembly_en-us.js","en-SG":"sp-loader-assembly_en-us.js","en-HK":"sp-loader-assembly_en-us.js","en-MY":"sp-loader-assembly_en-us.js","en-PH":"sp-loader-assembly_en-us.js","en-TT":"sp-loader-assembly_en-us.js","en-AZ":"sp-loader-assembly_en-us.js","en-BH":"sp-loader-assembly_en-us.js","en-BN":"sp-loader-assembly_en-us.js","en-ID":"sp-loader-assembly_en-us.js","mi":"sp-loader-assembly_en-us.js"},"defaultPath":"sp-loader-assembly_default.js"}}}},{"manifestVersion":2,"id":"aec2bbfd-a968-4d5b-a279-12e570f378e6","alias":"@microsoft/sp-http-msgraph","componentType":"Library","version":"1.16.1","loaderConfig":{"internalModuleBaseUrls":["https://localhost:4321/node_modules/@microsoft/sp-http-msgraph/dist/","https://localhost:4321/dist/"],"entryModuleId":"sp-http-msgraph","scriptResources":{"sp-http-msgraph":{"type":"localizedPath","paths":{"default":"sp-http-msgraph_default_51920754d6ec6a878be8.js","en-US":"sp-http-msgraph_en-us_51920754d6ec6a878be8.js","qps-ploca":"sp-http-msgraph_qps-ploca_51920754d6ec6a878be8.js","qps-ploc":"sp-http-msgraph_qps-ploc_51920754d6ec6a878be8.js","en-GB":"sp-http-msgraph_en-us_51920754d6ec6a878be8.js","en-NZ":"sp-http-msgraph_en-us_51920754d6ec6a878be8.js","en-IE":"sp-http-msgraph_en-us_51920754d6ec6a878be8.js","en-AU":"sp-http-msgraph_en-us_51920754d6ec6a878be8.js","bn":"sp-http-msgraph_en-us_51920754d6ec6a878be8.js","chr":"sp-http-msgraph_en-us_51920754d6ec6a878be8.js","dv":"sp-http-msgraph_en-us_51920754d6ec6a878be8.js","div":"sp-http-msgraph_en-us_51920754d6ec6a878be8.js","en":"sp-http-msgraph_en-us_51920754d6ec6a878be8.js","fil":"sp-http-msgraph_en-us_51920754d6ec6a878be8.js","haw":"sp-http-msgraph_en-us_51920754d6ec6a878be8.js","iu":"sp-http-msgraph_en-us_51920754d6ec6a878be8.js","lo":"sp-http-msgraph_en-us_51920754d6ec6a878be8.js","moh":"sp-http-msgraph_en-us_51920754d6ec6a878be8.js","sq":"sp-http-msgraph_en-us_51920754d6ec6a878be8.js","am":"sp-http-msgraph_en-us_51920754d6ec6a878be8.js","hy":"sp-http-msgraph_en-us_51920754d6ec6a878be8.js","mk":"sp-http-msgraph_en-us_51920754d6ec6a878be8.js","bs":"sp-http-msgraph_en-us_51920754d6ec6a878be8.js","my":"sp-http-msgraph_en-us_51920754d6ec6a878be8.js","dz":"sp-http-msgraph_en-us_51920754d6ec6a878be8.js","en-CY":"sp-http-msgraph_en-us_51920754d6ec6a878be8.js","en-EG":"sp-http-msgraph_en-us_51920754d6ec6a878be8.js","en-IL":"sp-http-msgraph_en-us_51920754d6ec6a878be8.js","en-IS":"sp-http-msgraph_en-us_51920754d6ec6a878be8.js","en-JO":"sp-http-msgraph_en-us_51920754d6ec6a878be8.js","en-KE":"sp-http-msgraph_en-us_51920754d6ec6a878be8.js","en-KW":"sp-http-msgraph_en-us_51920754d6ec6a878be8.js","en-MK":"sp-http-msgraph_en-us_51920754d6ec6a878be8.js","en-MT":"sp-http-msgraph_en-us_51920754d6ec6a878be8.js","en-PK":"sp-http-msgraph_en-us_51920754d6ec6a878be8.js","en-QA":"sp-http-msgraph_en-us_51920754d6ec6a878be8.js","en-SA":"sp-http-msgraph_en-us_51920754d6ec6a878be8.js","en-LK":"sp-http-msgraph_en-us_51920754d6ec6a878be8.js","en-AE":"sp-http-msgraph_en-us_51920754d6ec6a878be8.js","en-VN":"sp-http-msgraph_en-us_51920754d6ec6a878be8.js","is":"sp-http-msgraph_en-us_51920754d6ec6a878be8.js","km":"sp-http-msgraph_en-us_51920754d6ec6a878be8.js","kh":"sp-http-msgraph_en-us_51920754d6ec6a878be8.js","mt":"sp-http-msgraph_en-us_51920754d6ec6a878be8.js","fa":"sp-http-msgraph_en-us_51920754d6ec6a878be8.js","gd":"sp-http-msgraph_en-us_51920754d6ec6a878be8.js","sr-Cyrl-BA":"sp-http-msgraph_en-us_51920754d6ec6a878be8.js","sr-Latn-BA":"sp-http-msgraph_en-us_51920754d6ec6a878be8.js","sd":"sp-http-msgraph_en-us_51920754d6ec6a878be8.js","si":"sp-http-msgraph_en-us_51920754d6ec6a878be8.js","so":"sp-http-msgraph_en-us_51920754d6ec6a878be8.js","ti-ET":"sp-http-msgraph_en-us_51920754d6ec6a878be8.js","uz":"sp-http-msgraph_en-us_51920754d6ec6a878be8.js","en-SG":"sp-http-msgraph_en-us_51920754d6ec6a878be8.js","en-HK":"sp-http-msgraph_en-us_51920754d6ec6a878be8.js","en-MY":"sp-http-msgraph_en-us_51920754d6ec6a878be8.js","en-PH":"sp-http-msgraph_en-us_51920754d6ec6a878be8.js","en-TT":"sp-http-msgraph_en-us_51920754d6ec6a878be8.js","en-AZ":"sp-http-msgraph_en-us_51920754d6ec6a878be8.js","en-BH":"sp-http-msgraph_en-us_51920754d6ec6a878be8.js","en-BN":"sp-http-msgraph_en-us_51920754d6ec6a878be8.js","en-ID":"sp-http-msgraph_en-us_51920754d6ec6a878be8.js","mi":"sp-http-msgraph_en-us_51920754d6ec6a878be8.js"},"defaultPath":"sp-http-msgraph_default_51920754d6ec6a878be8.js"},"tslib":{"type":"component","id":"01c4df03-e775-48cb-aa14-171ee5199a15","version":"2.3.1"},"@microsoft/sp-http-base":{"type":"component","id":"8496636c-2300-4915-abef-20de64c98d8b","version":"1.16.1"},"@microsoft/sp-loader":{"type":"component","id":"1c6c9123-7aac-41f3-a376-3caea41ed83f","version":"1.16.1"},"@microsoft/sp-core-library":{"type":"component","id":"7263c7d0-1d6a-45ec-8d85-d4d1d234171b","version":"1.16.1"},"@microsoft/sp-diagnostics":{"type":"component","id":"78359e4b-07c2-43c6-8d0b-d060b4d577e8","version":"1.16.1"}}}},{"id":"c07208f0-ea3b-4c1a-9965-ac1b825211a6","alias":"SPHttp","componentType":"Library","version":"1.16.1","manifestVersion":2,"preloadComponents":[],"loaderConfig":{"internalModuleBaseUrls":["https://localhost:4321/node_modules/@microsoft/sp-http/dist/","https://localhost:4321/dist/"],"entryModuleId":"sp-http","scriptResources":{"sp-http":{"type":"path","path":"sp-http_none_a41a9fafd1f334c83e25.js"},"tslib":{"type":"component","id":"01c4df03-e775-48cb-aa14-171ee5199a15","version":"2.3.1"},"@microsoft/sp-http-base":{"type":"component","id":"8496636c-2300-4915-abef-20de64c98d8b","version":"1.16.1"},"@microsoft/sp-http-msgraph":{"type":"component","id":"aec2bbfd-a968-4d5b-a279-12e570f378e6","version":"1.16.1"},"@microsoft/sp-core-library":{"type":"component","id":"7263c7d0-1d6a-45ec-8d85-d4d1d234171b","version":"1.16.1"},"@microsoft/sp-diagnostics":{"type":"component","id":"78359e4b-07c2-43c6-8d0b-d060b4d577e8","version":"1.16.1"}}}},{"id":"467dc675-7cc5-4709-8aac-78e3b71bd2f6","alias":"SPComponentBase","componentType":"Library","version":"1.16.1","manifestVersion":2,"loaderConfig":{"internalModuleBaseUrls":["https://localhost:4321/node_modules/@microsoft/sp-component-base/dist/","https://localhost:4321/dist/"],"entryModuleId":"sp-component-base","scriptResources":{"sp-component-base":{"type":"localizedPath","paths":{"default":"sp-component-base_default_ee18de6e19b14eb89178.js","en-US":"sp-component-base_en-us_ee18de6e19b14eb89178.js","qps-ploca":"sp-component-base_qps-ploca_ee18de6e19b14eb89178.js","qps-ploc":"sp-component-base_qps-ploc_ee18de6e19b14eb89178.js","en-GB":"sp-component-base_en-us_ee18de6e19b14eb89178.js","en-NZ":"sp-component-base_en-us_ee18de6e19b14eb89178.js","en-IE":"sp-component-base_en-us_ee18de6e19b14eb89178.js","en-AU":"sp-component-base_en-us_ee18de6e19b14eb89178.js","bn":"sp-component-base_en-us_ee18de6e19b14eb89178.js","chr":"sp-component-base_en-us_ee18de6e19b14eb89178.js","dv":"sp-component-base_en-us_ee18de6e19b14eb89178.js","div":"sp-component-base_en-us_ee18de6e19b14eb89178.js","en":"sp-component-base_en-us_ee18de6e19b14eb89178.js","fil":"sp-component-base_en-us_ee18de6e19b14eb89178.js","haw":"sp-component-base_en-us_ee18de6e19b14eb89178.js","iu":"sp-component-base_en-us_ee18de6e19b14eb89178.js","lo":"sp-component-base_en-us_ee18de6e19b14eb89178.js","moh":"sp-component-base_en-us_ee18de6e19b14eb89178.js","sq":"sp-component-base_en-us_ee18de6e19b14eb89178.js","am":"sp-component-base_en-us_ee18de6e19b14eb89178.js","hy":"sp-component-base_en-us_ee18de6e19b14eb89178.js","mk":"sp-component-base_en-us_ee18de6e19b14eb89178.js","bs":"sp-component-base_en-us_ee18de6e19b14eb89178.js","my":"sp-component-base_en-us_ee18de6e19b14eb89178.js","dz":"sp-component-base_en-us_ee18de6e19b14eb89178.js","en-CY":"sp-component-base_en-us_ee18de6e19b14eb89178.js","en-EG":"sp-component-base_en-us_ee18de6e19b14eb89178.js","en-IL":"sp-component-base_en-us_ee18de6e19b14eb89178.js","en-IS":"sp-component-base_en-us_ee18de6e19b14eb89178.js","en-JO":"sp-component-base_en-us_ee18de6e19b14eb89178.js","en-KE":"sp-component-base_en-us_ee18de6e19b14eb89178.js","en-KW":"sp-component-base_en-us_ee18de6e19b14eb89178.js","en-MK":"sp-component-base_en-us_ee18de6e19b14eb89178.js","en-MT":"sp-component-base_en-us_ee18de6e19b14eb89178.js","en-PK":"sp-component-base_en-us_ee18de6e19b14eb89178.js","en-QA":"sp-component-base_en-us_ee18de6e19b14eb89178.js","en-SA":"sp-component-base_en-us_ee18de6e19b14eb89178.js","en-LK":"sp-component-base_en-us_ee18de6e19b14eb89178.js","en-AE":"sp-component-base_en-us_ee18de6e19b14eb89178.js","en-VN":"sp-component-base_en-us_ee18de6e19b14eb89178.js","is":"sp-component-base_en-us_ee18de6e19b14eb89178.js","km":"sp-component-base_en-us_ee18de6e19b14eb89178.js","kh":"sp-component-base_en-us_ee18de6e19b14eb89178.js","mt":"sp-component-base_en-us_ee18de6e19b14eb89178.js","fa":"sp-component-base_en-us_ee18de6e19b14eb89178.js","gd":"sp-component-base_en-us_ee18de6e19b14eb89178.js","sr-Cyrl-BA":"sp-component-base_en-us_ee18de6e19b14eb89178.js","sr-Latn-BA":"sp-component-base_en-us_ee18de6e19b14eb89178.js","sd":"sp-component-base_en-us_ee18de6e19b14eb89178.js","si":"sp-component-base_en-us_ee18de6e19b14eb89178.js","so":"sp-component-base_en-us_ee18de6e19b14eb89178.js","ti-ET":"sp-component-base_en-us_ee18de6e19b14eb89178.js","uz":"sp-component-base_en-us_ee18de6e19b14eb89178.js","en-SG":"sp-component-base_en-us_ee18de6e19b14eb89178.js","en-HK":"sp-component-base_en-us_ee18de6e19b14eb89178.js","en-MY":"sp-component-base_en-us_ee18de6e19b14eb89178.js","en-PH":"sp-component-base_en-us_ee18de6e19b14eb89178.js","en-TT":"sp-component-base_en-us_ee18de6e19b14eb89178.js","en-AZ":"sp-component-base_en-us_ee18de6e19b14eb89178.js","en-BH":"sp-component-base_en-us_ee18de6e19b14eb89178.js","en-BN":"sp-component-base_en-us_ee18de6e19b14eb89178.js","en-ID":"sp-component-base_en-us_ee18de6e19b14eb89178.js","mi":"sp-component-base_en-us_ee18de6e19b14eb89178.js"},"defaultPath":"sp-component-base_default_ee18de6e19b14eb89178.js"},"tslib":{"type":"component","id":"01c4df03-e775-48cb-aa14-171ee5199a15","version":"2.3.1"},"@ms/sp-telemetry":{"type":"component","id":"8217e442-8ed3-41fd-957d-b112e841286a","version":"0.26.27"},"@microsoft/sp-dynamic-data":{"type":"component","id":"e40f8203-b39d-425a-a957-714852e33b79","version":"1.16.1"},"@microsoft/sp-lodash-subset":{"type":"component","id":"73e1dc6c-8441-42cc-ad47-4bd3659f8a3a","version":"1.16.1"},"@microsoft/sp-core-library":{"type":"component","id":"7263c7d0-1d6a-45ec-8d85-d4d1d234171b","version":"1.16.1"},"@microsoft/sp-page-context":{"type":"component","id":"1c4541f7-5c31-41aa-9fa8-fbc9dc14c0a8","version":"1.16.1"},"@microsoft/load-themed-styles":{"type":"component","id":"229b8d08-79f3-438b-8c21-4613fc877abd","version":"0.1.2"},"@microsoft/sp-diagnostics":{"type":"component","id":"78359e4b-07c2-43c6-8d0b-d060b4d577e8","version":"1.16.1"},"@microsoft/sp-http":{"type":"component","id":"c07208f0-ea3b-4c1a-9965-ac1b825211a6","version":"1.16.1"}}}},{"id":"0773bd53-a69e-4293-87e6-ba80ea4d614b","alias":"SPExtensionBase","componentType":"Library","version":"1.16.1","manifestVersion":2,"loaderConfig":{"internalModuleBaseUrls":["https://localhost:4321/node_modules/@microsoft/sp-extension-base/dist/","https://localhost:4321/dist/"],"entryModuleId":"sp-extension-base","scriptResources":{"sp-extension-base":{"type":"localizedPath","paths":{"default":"sp-extension-base_default_ffdcb2a3212ef14d1495.js","en-US":"sp-extension-base_en-us_ffdcb2a3212ef14d1495.js","qps-ploca":"sp-extension-base_qps-ploca_ffdcb2a3212ef14d1495.js","qps-ploc":"sp-extension-base_qps-ploc_ffdcb2a3212ef14d1495.js","en-GB":"sp-extension-base_en-us_ffdcb2a3212ef14d1495.js","en-NZ":"sp-extension-base_en-us_ffdcb2a3212ef14d1495.js","en-IE":"sp-extension-base_en-us_ffdcb2a3212ef14d1495.js","en-AU":"sp-extension-base_en-us_ffdcb2a3212ef14d1495.js","bn":"sp-extension-base_en-us_ffdcb2a3212ef14d1495.js","chr":"sp-extension-base_en-us_ffdcb2a3212ef14d1495.js","dv":"sp-extension-base_en-us_ffdcb2a3212ef14d1495.js","div":"sp-extension-base_en-us_ffdcb2a3212ef14d1495.js","en":"sp-extension-base_en-us_ffdcb2a3212ef14d1495.js","fil":"sp-extension-base_en-us_ffdcb2a3212ef14d1495.js","haw":"sp-extension-base_en-us_ffdcb2a3212ef14d1495.js","iu":"sp-extension-base_en-us_ffdcb2a3212ef14d1495.js","lo":"sp-extension-base_en-us_ffdcb2a3212ef14d1495.js","moh":"sp-extension-base_en-us_ffdcb2a3212ef14d1495.js","sq":"sp-extension-base_en-us_ffdcb2a3212ef14d1495.js","am":"sp-extension-base_en-us_ffdcb2a3212ef14d1495.js","hy":"sp-extension-base_en-us_ffdcb2a3212ef14d1495.js","mk":"sp-extension-base_en-us_ffdcb2a3212ef14d1495.js","bs":"sp-extension-base_en-us_ffdcb2a3212ef14d1495.js","my":"sp-extension-base_en-us_ffdcb2a3212ef14d1495.js","dz":"sp-extension-base_en-us_ffdcb2a3212ef14d1495.js","en-CY":"sp-extension-base_en-us_ffdcb2a3212ef14d1495.js","en-EG":"sp-extension-base_en-us_ffdcb2a3212ef14d1495.js","en-IL":"sp-extension-base_en-us_ffdcb2a3212ef14d1495.js","en-IS":"sp-extension-base_en-us_ffdcb2a3212ef14d1495.js","en-JO":"sp-extension-base_en-us_ffdcb2a3212ef14d1495.js","en-KE":"sp-extension-base_en-us_ffdcb2a3212ef14d1495.js","en-KW":"sp-extension-base_en-us_ffdcb2a3212ef14d1495.js","en-MK":"sp-extension-base_en-us_ffdcb2a3212ef14d1495.js","en-MT":"sp-extension-base_en-us_ffdcb2a3212ef14d1495.js","en-PK":"sp-extension-base_en-us_ffdcb2a3212ef14d1495.js","en-QA":"sp-extension-base_en-us_ffdcb2a3212ef14d1495.js","en-SA":"sp-extension-base_en-us_ffdcb2a3212ef14d1495.js","en-LK":"sp-extension-base_en-us_ffdcb2a3212ef14d1495.js","en-AE":"sp-extension-base_en-us_ffdcb2a3212ef14d1495.js","en-VN":"sp-extension-base_en-us_ffdcb2a3212ef14d1495.js","is":"sp-extension-base_en-us_ffdcb2a3212ef14d1495.js","km":"sp-extension-base_en-us_ffdcb2a3212ef14d1495.js","kh":"sp-extension-base_en-us_ffdcb2a3212ef14d1495.js","mt":"sp-extension-base_en-us_ffdcb2a3212ef14d1495.js","fa":"sp-extension-base_en-us_ffdcb2a3212ef14d1495.js","gd":"sp-extension-base_en-us_ffdcb2a3212ef14d1495.js","sr-Cyrl-BA":"sp-extension-base_en-us_ffdcb2a3212ef14d1495.js","sr-Latn-BA":"sp-extension-base_en-us_ffdcb2a3212ef14d1495.js","sd":"sp-extension-base_en-us_ffdcb2a3212ef14d1495.js","si":"sp-extension-base_en-us_ffdcb2a3212ef14d1495.js","so":"sp-extension-base_en-us_ffdcb2a3212ef14d1495.js","ti-ET":"sp-extension-base_en-us_ffdcb2a3212ef14d1495.js","uz":"sp-extension-base_en-us_ffdcb2a3212ef14d1495.js","en-SG":"sp-extension-base_en-us_ffdcb2a3212ef14d1495.js","en-HK":"sp-extension-base_en-us_ffdcb2a3212ef14d1495.js","en-MY":"sp-extension-base_en-us_ffdcb2a3212ef14d1495.js","en-PH":"sp-extension-base_en-us_ffdcb2a3212ef14d1495.js","en-TT":"sp-extension-base_en-us_ffdcb2a3212ef14d1495.js","en-AZ":"sp-extension-base_en-us_ffdcb2a3212ef14d1495.js","en-BH":"sp-extension-base_en-us_ffdcb2a3212ef14d1495.js","en-BN":"sp-extension-base_en-us_ffdcb2a3212ef14d1495.js","en-ID":"sp-extension-base_en-us_ffdcb2a3212ef14d1495.js","mi":"sp-extension-base_en-us_ffdcb2a3212ef14d1495.js"},"defaultPath":"sp-extension-base_default_ffdcb2a3212ef14d1495.js"},"tslib":{"type":"component","id":"01c4df03-e775-48cb-aa14-171ee5199a15","version":"2.3.1"},"@ms/sp-telemetry":{"type":"component","id":"8217e442-8ed3-41fd-957d-b112e841286a","version":"0.26.27"},"@microsoft/sp-component-base":{"type":"component","id":"467dc675-7cc5-4709-8aac-78e3b71bd2f6","version":"1.16.1"},"@microsoft/sp-loader":{"type":"component","id":"1c6c9123-7aac-41f3-a376-3caea41ed83f","version":"1.16.1"},"@microsoft/sp-core-library":{"type":"component","id":"7263c7d0-1d6a-45ec-8d85-d4d1d234171b","version":"1.16.1"},"@microsoft/sp-diagnostics":{"type":"component","id":"78359e4b-07c2-43c6-8d0b-d060b4d577e8","version":"1.16.1"}}}},{"manifestVersion":2,"id":"4958ea79-6ff3-4480-8291-0932dd010869","alias":"SPSearchExtensibility","componentType":"Library","version":"1.16.1","loaderConfig":{"internalModuleBaseUrls":["https://localhost:4321/node_modules/@microsoft/sp-search-extensibility/dist/","https://localhost:4321/dist/"],"entryModuleId":"sp-search-extensibility","scriptResources":{"sp-search-extensibility":{"type":"path","path":"sp-search-extensibility_none_726bf60236264a6bdfb3.js"},"tslib":{"type":"component","id":"01c4df03-e775-48cb-aa14-171ee5199a15","version":"2.3.1"},"@microsoft/sp-loader":{"type":"component","id":"1c6c9123-7aac-41f3-a376-3caea41ed83f","version":"1.16.1"},"@microsoft/sp-core-library":{"type":"component","id":"7263c7d0-1d6a-45ec-8d85-d4d1d234171b","version":"1.16.1"},"@microsoft/sp-extension-base":{"type":"component","id":"0773bd53-a69e-4293-87e6-ba80ea4d614b","version":"1.16.1"},"@microsoft/sp-diagnostics":{"type":"component","id":"78359e4b-07c2-43c6-8d0b-d060b4d577e8","version":"1.16.1"}}}},{"manifestVersion":2,"componentType":"Library","id":"05580011-8e5d-45cc-8488-220e459c5c67","alias":"sp-default-assembly","isInternal":true,"version":"1.0.0","rootComponentId":"4df9bb86-ab0a-4aab-ab5f-48bf167048fb","requiresCustomScript":false,"loaderConfig":{"internalModuleBaseUrls":["https://localhost:4321/node_modules/@microsoft/sp-application-base/dist/"],"entryModuleId":"sp-default-assembly","scriptResources":{"sp-default-assembly":{"type":"localizedPath","paths":{"default":"sp-default-assembly_default.js","en-US":"sp-default-assembly_en-us.js","qps-ploca":"sp-default-assembly_qps-ploca.js","qps-ploc":"sp-default-assembly_qps-ploc.js","en-GB":"sp-default-assembly_en-us.js","en-NZ":"sp-default-assembly_en-us.js","en-IE":"sp-default-assembly_en-us.js","en-AU":"sp-default-assembly_en-us.js","bn":"sp-default-assembly_en-us.js","chr":"sp-default-assembly_en-us.js","dv":"sp-default-assembly_en-us.js","div":"sp-default-assembly_en-us.js","en":"sp-default-assembly_en-us.js","fil":"sp-default-assembly_en-us.js","haw":"sp-default-assembly_en-us.js","iu":"sp-default-assembly_en-us.js","lo":"sp-default-assembly_en-us.js","moh":"sp-default-assembly_en-us.js","sq":"sp-default-assembly_en-us.js","am":"sp-default-assembly_en-us.js","hy":"sp-default-assembly_en-us.js","mk":"sp-default-assembly_en-us.js","bs":"sp-default-assembly_en-us.js","my":"sp-default-assembly_en-us.js","dz":"sp-default-assembly_en-us.js","en-CY":"sp-default-assembly_en-us.js","en-EG":"sp-default-assembly_en-us.js","en-IL":"sp-default-assembly_en-us.js","en-IS":"sp-default-assembly_en-us.js","en-JO":"sp-default-assembly_en-us.js","en-KE":"sp-default-assembly_en-us.js","en-KW":"sp-default-assembly_en-us.js","en-MK":"sp-default-assembly_en-us.js","en-MT":"sp-default-assembly_en-us.js","en-PK":"sp-default-assembly_en-us.js","en-QA":"sp-default-assembly_en-us.js","en-SA":"sp-default-assembly_en-us.js","en-LK":"sp-default-assembly_en-us.js","en-AE":"sp-default-assembly_en-us.js","en-VN":"sp-default-assembly_en-us.js","is":"sp-default-assembly_en-us.js","km":"sp-default-assembly_en-us.js","kh":"sp-default-assembly_en-us.js","mt":"sp-default-assembly_en-us.js","fa":"sp-default-assembly_en-us.js","gd":"sp-default-assembly_en-us.js","sr-Cyrl-BA":"sp-default-assembly_en-us.js","sr-Latn-BA":"sp-default-assembly_en-us.js","sd":"sp-default-assembly_en-us.js","si":"sp-default-assembly_en-us.js","so":"sp-default-assembly_en-us.js","ti-ET":"sp-default-assembly_en-us.js","uz":"sp-default-assembly_en-us.js","en-SG":"sp-default-assembly_en-us.js","en-HK":"sp-default-assembly_en-us.js","en-MY":"sp-default-assembly_en-us.js","en-PH":"sp-default-assembly_en-us.js","en-TT":"sp-default-assembly_en-us.js","en-AZ":"sp-default-assembly_en-us.js","en-BH":"sp-default-assembly_en-us.js","en-BN":"sp-default-assembly_en-us.js","en-ID":"sp-default-assembly_en-us.js","mi":"sp-default-assembly_en-us.js"},"defaultPath":"sp-default-assembly_default.js"}}}},{"id":"4df9bb86-ab0a-4aab-ab5f-48bf167048fb","alias":"SPApplicationBase","componentType":"Library","version":"1.16.1","manifestVersion":2,"preloadComponents":["c0c518b8-701b-4f6f-956d-5782772bb731","4958ea79-6ff3-4480-8291-0932dd010869"],"loaderConfig":{"internalModuleBaseUrls":["https://localhost:4321/node_modules/@microsoft/sp-application-base/dist/","https://localhost:4321/dist/"],"entryModuleId":"sp-application-base","scriptResources":{"sp-application-base":{"type":"localizedPath","paths":{"default":"sp-application-base_default_a3e79910c2449fa46d46.js","en-US":"sp-application-base_en-us_a3e79910c2449fa46d46.js","qps-ploca":"sp-application-base_qps-ploca_a3e79910c2449fa46d46.js","qps-ploc":"sp-application-base_qps-ploc_a3e79910c2449fa46d46.js","en-GB":"sp-application-base_en-us_a3e79910c2449fa46d46.js","en-NZ":"sp-application-base_en-us_a3e79910c2449fa46d46.js","en-IE":"sp-application-base_en-us_a3e79910c2449fa46d46.js","en-AU":"sp-application-base_en-us_a3e79910c2449fa46d46.js","bn":"sp-application-base_en-us_a3e79910c2449fa46d46.js","chr":"sp-application-base_en-us_a3e79910c2449fa46d46.js","dv":"sp-application-base_en-us_a3e79910c2449fa46d46.js","div":"sp-application-base_en-us_a3e79910c2449fa46d46.js","en":"sp-application-base_en-us_a3e79910c2449fa46d46.js","fil":"sp-application-base_en-us_a3e79910c2449fa46d46.js","haw":"sp-application-base_en-us_a3e79910c2449fa46d46.js","iu":"sp-application-base_en-us_a3e79910c2449fa46d46.js","lo":"sp-application-base_en-us_a3e79910c2449fa46d46.js","moh":"sp-application-base_en-us_a3e79910c2449fa46d46.js","sq":"sp-application-base_en-us_a3e79910c2449fa46d46.js","am":"sp-application-base_en-us_a3e79910c2449fa46d46.js","hy":"sp-application-base_en-us_a3e79910c2449fa46d46.js","mk":"sp-application-base_en-us_a3e79910c2449fa46d46.js","bs":"sp-application-base_en-us_a3e79910c2449fa46d46.js","my":"sp-application-base_en-us_a3e79910c2449fa46d46.js","dz":"sp-application-base_en-us_a3e79910c2449fa46d46.js","en-CY":"sp-application-base_en-us_a3e79910c2449fa46d46.js","en-EG":"sp-application-base_en-us_a3e79910c2449fa46d46.js","en-IL":"sp-application-base_en-us_a3e79910c2449fa46d46.js","en-IS":"sp-application-base_en-us_a3e79910c2449fa46d46.js","en-JO":"sp-application-base_en-us_a3e79910c2449fa46d46.js","en-KE":"sp-application-base_en-us_a3e79910c2449fa46d46.js","en-KW":"sp-application-base_en-us_a3e79910c2449fa46d46.js","en-MK":"sp-application-base_en-us_a3e79910c2449fa46d46.js","en-MT":"sp-application-base_en-us_a3e79910c2449fa46d46.js","en-PK":"sp-application-base_en-us_a3e79910c2449fa46d46.js","en-QA":"sp-application-base_en-us_a3e79910c2449fa46d46.js","en-SA":"sp-application-base_en-us_a3e79910c2449fa46d46.js","en-LK":"sp-application-base_en-us_a3e79910c2449fa46d46.js","en-AE":"sp-application-base_en-us_a3e79910c2449fa46d46.js","en-VN":"sp-application-base_en-us_a3e79910c2449fa46d46.js","is":"sp-application-base_en-us_a3e79910c2449fa46d46.js","km":"sp-application-base_en-us_a3e79910c2449fa46d46.js","kh":"sp-application-base_en-us_a3e79910c2449fa46d46.js","mt":"sp-application-base_en-us_a3e79910c2449fa46d46.js","fa":"sp-application-base_en-us_a3e79910c2449fa46d46.js","gd":"sp-application-base_en-us_a3e79910c2449fa46d46.js","sr-Cyrl-BA":"sp-application-base_en-us_a3e79910c2449fa46d46.js","sr-Latn-BA":"sp-application-base_en-us_a3e79910c2449fa46d46.js","sd":"sp-application-base_en-us_a3e79910c2449fa46d46.js","si":"sp-application-base_en-us_a3e79910c2449fa46d46.js","so":"sp-application-base_en-us_a3e79910c2449fa46d46.js","ti-ET":"sp-application-base_en-us_a3e79910c2449fa46d46.js","uz":"sp-application-base_en-us_a3e79910c2449fa46d46.js","en-SG":"sp-application-base_en-us_a3e79910c2449fa46d46.js","en-HK":"sp-application-base_en-us_a3e79910c2449fa46d46.js","en-MY":"sp-application-base_en-us_a3e79910c2449fa46d46.js","en-PH":"sp-application-base_en-us_a3e79910c2449fa46d46.js","en-TT":"sp-application-base_en-us_a3e79910c2449fa46d46.js","en-AZ":"sp-application-base_en-us_a3e79910c2449fa46d46.js","en-BH":"sp-application-base_en-us_a3e79910c2449fa46d46.js","en-BN":"sp-application-base_en-us_a3e79910c2449fa46d46.js","en-ID":"sp-application-base_en-us_a3e79910c2449fa46d46.js","mi":"sp-application-base_en-us_a3e79910c2449fa46d46.js"},"defaultPath":"sp-application-base_default_a3e79910c2449fa46d46.js"},"tslib":{"type":"component","id":"01c4df03-e775-48cb-aa14-171ee5199a15","version":"2.3.1"},"@microsoft/sp-http-base":{"type":"component","id":"8496636c-2300-4915-abef-20de64c98d8b","version":"1.16.1"},"@ms/sp-telemetry":{"type":"component","id":"8217e442-8ed3-41fd-957d-b112e841286a","version":"0.26.27"},"@microsoft/sp-component-base":{"type":"component","id":"467dc675-7cc5-4709-8aac-78e3b71bd2f6","version":"1.16.1"},"@microsoft/sp-loader":{"type":"component","id":"1c6c9123-7aac-41f3-a376-3caea41ed83f","version":"1.16.1"},"@ms/odsp-core-bundle":{"type":"component","id":"2e09fb9b-13bb-48f2-859f-97d6fff71176","version":"1.3.26"},"@microsoft/sp-lodash-subset":{"type":"component","id":"73e1dc6c-8441-42cc-ad47-4bd3659f8a3a","version":"1.16.1"},"@microsoft/sp-core-library":{"type":"component","id":"7263c7d0-1d6a-45ec-8d85-d4d1d234171b","version":"1.16.1"},"@microsoft/sp-page-context":{"type":"component","id":"1c4541f7-5c31-41aa-9fa8-fbc9dc14c0a8","version":"1.16.1"},"@microsoft/sp-extension-base":{"type":"component","id":"0773bd53-a69e-4293-87e6-ba80ea4d614b","version":"1.16.1"},"@microsoft/sp-diagnostics":{"type":"component","id":"78359e4b-07c2-43c6-8d0b-d060b4d577e8","version":"1.16.1"},"@microsoft/sp-http":{"type":"component","id":"c07208f0-ea3b-4c1a-9965-ac1b825211a6","version":"1.16.1"}}}},{"id":"c0c518b8-701b-4f6f-956d-5782772bb731","alias":"SPDialog","componentType":"Library","version":"1.16.1","manifestVersion":2,"loaderConfig":{"internalModuleBaseUrls":["https://localhost:4321/node_modules/@microsoft/sp-dialog/dist/","https://localhost:4321/dist/"],"entryModuleId":"sp-dialog","scriptResources":{"sp-dialog":{"type":"path","path":"sp-dialog_none_2bfb3a96736ee9493950.js"},"tslib":{"type":"component","id":"01c4df03-e775-48cb-aa14-171ee5199a15","version":"2.3.1"},"@ms/office-ui-fabric-react-bundle":{"type":"component","id":"396bbc17-3d18-4f43-8299-d99720d88e22","version":"1.16.0"},"@microsoft/sp-application-base":{"type":"component","id":"4df9bb86-ab0a-4aab-ab5f-48bf167048fb","version":"1.16.1"},"@microsoft/sp-core-library":{"type":"component","id":"7263c7d0-1d6a-45ec-8d85-d4d1d234171b","version":"1.16.1"},"react":{"type":"component","id":"0d910c1c-13b9-4e1c-9aa4-b008c5e42d7d","version":"17.0.1"},"react-dom":{"type":"component","id":"aa0a46ec-1505-43cd-a44a-93f3a5aa460a","version":"17.0.1"},"@ms/uifabric-styling-bundle":{"type":"component","id":"17ce0976-e69a-4355-be84-89b69a74717d","version":"0.3.4"},"@microsoft/load-themed-styles":{"type":"component","id":"229b8d08-79f3-438b-8c21-4613fc877abd","version":"0.1.2"},"@microsoft/sp-diagnostics":{"type":"component","id":"78359e4b-07c2-43c6-8d0b-d060b4d577e8","version":"1.16.1"}}}},{"id":"d37b65ee-c7d8-4570-bc74-2b294ff3b380","alias":"SPListViewExtensibility","componentType":"Library","version":"1.16.1","manifestVersion":2,"loaderConfig":{"internalModuleBaseUrls":["https://localhost:4321/node_modules/@microsoft/sp-listview-extensibility/dist/","https://localhost:4321/dist/"],"entryModuleId":"sp-listview-extensibility","scriptResources":{"sp-listview-extensibility":{"type":"path","path":"sp-listview-extensibility_none_302e4739d5d40ed88599.js"},"tslib":{"type":"component","id":"01c4df03-e775-48cb-aa14-171ee5199a15","version":"2.3.1"},"@microsoft/sp-core-library":{"type":"component","id":"7263c7d0-1d6a-45ec-8d85-d4d1d234171b","version":"1.16.1"},"@microsoft/sp-page-context":{"type":"component","id":"1c4541f7-5c31-41aa-9fa8-fbc9dc14c0a8","version":"1.16.1"},"@microsoft/sp-extension-base":{"type":"component","id":"0773bd53-a69e-4293-87e6-ba80ea4d614b","version":"1.16.1"}}}},{"id":"df96b40a-ed80-4521-9f7a-46d37a924b38","alias":"DialogDemoCommandSet","componentType":"Extension","extensionType":"ListViewCommandSet","version":"0.0.1","manifestVersion":2,"requiresCustomScript":false,"items":{"COMMAND_1":{"title":{"default":"Modal Popup"},"iconImageUrl":"icons/request.png","type":"command"}},"loaderConfig":{"internalModuleBaseUrls":["https://localhost:4321/dist/"],"entryModuleId":"dialog-demo-command-set","scriptResources":{"dialog-demo-command-set":{"type":"path","path":"dialog-demo-command-set.js"},"@microsoft/sp-listview-extensibility":{"type":"component","id":"d37b65ee-c7d8-4570-bc74-2b294ff3b380","version":"1.16.1"},"@microsoft/sp-core-library":{"type":"component","id":"7263c7d0-1d6a-45ec-8d85-d4d1d234171b","version":"1.16.1"},"react":{"type":"component","id":"0d910c1c-13b9-4e1c-9aa4-b008c5e42d7d","version":"16.13.1"},"react-dom":{"type":"component","id":"aa0a46ec-1505-43cd-a44a-93f3a5aa460a","version":"16.13.1"}}}}]