{
  "$schema": "https://developer.microsoft.com/json-schemas/spfx-build/spfx-serve.schema.json",
  "port": 4321,
  "https": true,
  "serveConfigurations": {
    "default": {
      "pageUrl": "https://cgilearn365.sharepoint.com/sites/Inside/Lists/poc/AllItems.aspx",
      "customActions": {
        "df96b40a-ed80-4521-9f7a-46d37a924b38": {
          "location": "ClientSideExtension.ListViewCommandSet.CommandBar",
          "properties": {
            "sampleTextOne": "One item is selected in the list",
            "sampleTextTwo": "This command is always visible."
          }
        }
      }
    },
    "dialogDemo": {
      "pageUrl": "https://cgilearn365.sharepoint.com/sites/Inside/Shared%20Documents/Forms/AllItems.aspx",
      "customActions": {
        "df96b40a-ed80-4521-9f7a-46d37a924b38": {
          "location": "ClientSideExtension.ListViewCommandSet.CommandBar",
          "properties": {
            "sampleTextOne": "One item is selected in the list",
            "sampleTextTwo": "This command is always visible."
          }
        }
      }
    }
  }
}
