{
  "id": "df96b40a-ed80-4521-9f7a-46d37a924b38",
  "alias": "DialogDemoCommandSet",
  "componentType": "Extension",
  "extensionType": "ListViewCommandSet",
  "version": "0.0.1",
  "manifestVersion": 2,
  "requiresCustomScript": false,
  "items": {
    "COMMAND_1": {
      "title": {
        "default": "Modal Popup"
      },
      "iconImageUrl": "icons/request.png",
      "type": "command"
    }
  },
  "loaderConfig": {
    "internalModuleBaseUrls": [
      "<!-- PATH TO CDN -->"
    ],
    "entryModuleId": "dialog-demo-command-set",
    "scriptResources": {
      "dialog-demo-command-set": {
        "type": "path",
        "path": "dialog-demo-command-set.js"
      },
      "@microsoft/sp-listview-extensibility": {
        "type": "component",
        "id": "d37b65ee-c7d8-4570-bc74-2b294ff3b380",
        "version": "1.16.1"
      },
      "@microsoft/sp-core-library": {
        "type": "component",
        "id": "7263c7d0-1d6a-45ec-8d85-d4d1d234171b",
        "version": "1.16.1"
      },
      "react": {
        "type": "component",
        "id": "0d910c1c-13b9-4e1c-9aa4-b008c5e42d7d",
        "version": "16.13.1"
      },
      "react-dom": {
        "type": "component",
        "id": "aa0a46ec-1505-43cd-a44a-93f3a5aa460a",
        "version": "16.13.1"
      }
    }
  }
}